name,price
"7"" Brass Cat In Hunting Pose Statue | Home Décor",80
"23"" Standing Colorful Lord Hanuman Brass Statue in Blessing Gesture",770
"15"" Brass Shrinath ji Face in Wooden Frame | Wall Hanging",235
The Lotus Beauty | Without Frame | Oil Painting on Canvas,1075
"7"" Brass Fish Statue | Home Décor",99
Indian Gods and Goddesses (The Vedic Deities),82.40
"16"" Brass Pot Lady Taking Out Thorn From Her Foot",285
"14"" Wood and Brass Designer Kirtimukha Throne for Your Favourite Deity | Wall Hanging",165
"25"" Crawling Baby Ganesha in Brass",1350
"10"" Brass Decorative Pagdi Ganesha | Home Décor",145
"11"" Ardhanarishvara (Shiva - Shakti) | Brass Statue",175
"17"" Goddess Parvati in the Triple Bent Posture In Brass",275
"11"" Padmapani Avalokiteshvara In Brass",155
"8"" Brass Stylized Ganesha | Brass Statue",155
"7"" Brass Goddess Mahishasuramardini Durga",145
Om Mani Padme Hum Bell Dorje with Case,295
"8"" Frog with Umbrella In Brass",95
"6"" Lord Venkateshvara of Tirupati (Wall Hanging) In Brass | Handmade | Made In India",85
"9"" Eight Armed Goddess Varahi In Brass | Handmade | Made In India",200
"36"" Rectangular Shape Designer Chowki with Dangling Ghungroos | Wood and Brass",595
"20"" Wooden Octagonal Shape Designer Chowki/Pedestal with Dangling Bells in Brass",695
"28"" Jali Design Wooden Pedestal with Brass Work and Bulb Inside",995
"26"" Octagonal Shape Designer Pedestal with Dangling Ghungroos | Wood and Brass",895
"30"" Designer Surahi",395
"12"" Designer Flower Vase in Marble with Stone Work",155
"9"" Radha Krishna Embossed Designer Marble Pot with Silver Intricate Work",395
"9"" Marble Flower Vase with Stone Work",165
"9"" Designer Marble Flower Vase with Stone Work",175
"12"" Marble Flower Vase with Inlay Work",495
"9"" Brass Dog Statue | Home Décor",95
8'' Brass Tribal Sun Face Wall Hanging | Home Décor,99
The Vedanta-Sutras and their commentaries (including Srimad Bhagavatam) Vol. 1,55
सावधान! दूल्हे की तलाश है- Attention Looking for Groom (Hindi Play),16
मोम का घरौंदा चिड़िया का- Mom Ka Ghronda Chidiya Ka (Hindi Play),15
पृथ्वी परिक्रमा- Prithvi Parikarma (Travelogue),28
प्रेमचन्द की बस्ती- Premchand ki Basti,28
काली उपासना- Kaali Upasana,18
श्री साईं मद्भागवद्- Sri Sai Madbhagwad,18
श्री मार्कण्डेय पुराण - Shri Markandeya Purana,16
गणेश उपासना- Ganesh Worship,18
श्रीमद् देवी भागवद् पुराण- Shrimad Devi Bhagavad Puran,18
श्रीमद् भागवद् पुराण- Srimad Bhagavad Purana,18
शिवपुराण- Shivpuran,18
हरिवंश पुराण- Harivansha Purana,18
अष्टावक्र गीता- Ashtavakra Gita,20
चाणक्य सूत्र- Chanakya Sutra,20
प्रेरक प्रसंग- Motivational Incidents,20
"महामृत्युंजय (साधना, उपासना एवं सिद्धि ज्ञान)- Mahamrityunjaya (Sadhana, Worship and Accomplishment Knowledge)",18
मनोरंजक जातक कथाएं- Entertaining Jataka Tales,18
सन्दरवन की कहानियाँ- Stories from Sundarbans,18
कौटिल्य अर्थशास्त्र - Kautilya Arthashastra,18
हनुमान उपासना- Hanuman Worship,18
"अनमोल वचन (जीवन के हर मोड़ पर आपका पथप्रदर्शक हर पल आपको नयी राह दिखाने वाला प्रकाशन)- Wisdom Quotes (Your Guide At Every Turn of Life, A Publication Showing You A New Path Every Moment)",20
सिहांसन  बत्तीसी (मूल संस्कृत से सरल हिन्दी अनुवाद)- Singhasan Battisi (Simple Hindi Translation from Original Sanskrit),20
पंचतंत्र (समपूर्ण सचित्र)- Panchatantra (Fully Illustrated),20
दत्त दिगम्बर माझे गुरु- Dutt Digambar Majhe Guru,28
हिन्दू पूजा विधि एवं संस्कार- Hindu Puja Vidhi evam Samskara (Set of 26 Books),85
"कृष्ण नीति- Krishna Neeti (A Great Book Based on the Teachings and Knowledge of Lord Krishna, Which is Being Published for the First Time in Hindi)",18
बौद्ध निबन्धावली समाज एवं संस्कृति- Buddhist Essay Society and Culture,30
भाषा की भीतरी परतें (भाषाचिन्तक प्रो. दिलीप सिंह अभिनन्दन ग्रन्थ)- Inner Layers of Language (Language Thinker Prof. Dilip Singh Abhinandan Granth),40
चित्तौड़ की गाथा: गोरा बादल- Saga of Chittor: Gora Badal,23
याज्ञसेनी: Yajnaseni - A Sanskrit Novel Based on the Life of Draupadi (Jnanpith-Murttidevi Award-Winning Novel by Utkalabhasha),32
गाँधी जी ने कहा था- Gandhiji Said,23
Mystics and Sceptics : In Search Of The Himalayan Masters,40
स्वस्थ विचार सुखी जीवन- Healthy Thoughts Happy Life,28
"शौर्य प्रधान नाटक (राजस्थान साहित्य अकादमी, उदयपुर द्वारा पुरस्कृत)- Shaurya Pradhan Drama (Awarded by Rajasthan Sahitya Akademi, Udaipur)",25
मैं नास्तिक क्यों हूँ?- Why am I an Atheist?,23
जीवन-दृष्टि और साहित्य (लेख-संग्रह)- Life-Vision and Literature (Articles-Collection),25
भारतीय महिलाओं का समाजशास्त्र- Sociology of Indian Women,25
कृषि अर्थशास्त्र- Agricultural Economics,38
शिक्षा का अधिकार- Right to Education,52
श्री रामकृष्ण परमहंस- Sri Ramakrishna Paramhansa,28
